[{"model": "auth.user", "pk": 1, "fields": {"password": "argon2$argon2id$v=19$m=102400,t=2,p=8$T1h4ZFFaUjAyTzFvWmo0d1cxSDZ6eA$t2883QpO+vVuMSact37hCMEFngtPdMzemOOmTp1zw+g", "last_login": "2026-01-05T00:35:42.786Z", "is_superuser": true, "username": "admin", "first_name": "", "last_name": "", "email": "admin@gmail.com", "is_staff": true, "is_active": true, "date_joined": "2026-01-04T22:08:16.268Z", "groups": [], "user_permissions": []}}, {"model": "auth.user", "pk": 2, "fields": {"password": "argon2$argon2id$v=19$m=102400,t=2,p=8$TmZucFNOMnVDWVFqWUJWSm9Rd1Z4Vg$H19VRnq+URo5Je4dleJAWsHaFEFytGBqd2A7Vimrlco", "last_login": "2026-01-05T18:33:26.219Z", "is_superuser": true, "username": "zaid", "first_name": "", "last_name": "", "email": "zaid@gmail.com", "is_staff": true, "is_active": true, "date_joined": "2026-01-05T00:51:02.007Z", "groups": [], "user_permissions": []}}, {"model": "auth.user", "pk": 3, "fields": {"password": "argon2$argon2id$v=19$m=102400,t=2,p=8$dDcxRGV5UlU1Wmh5UmhwZ2JtNUJOSw$2x2IJ3+HtXYLISjJh3EUeHL7loyjQkruuVIGsYdHsuA", "last_login": "2026-01-05T07:53:01.845Z", "is_superuser": true, "username": "admin2", "first_name": "", "last_name": "", "email": "admin2@gmail.com", "is_staff": true, "is_active": true, "date_joined": "2026-01-05T07:52:43.519Z", "groups": [], "user_permissions": []}}, {"model": "axes.accesslog", "pk": 1, "fields": {"user_agent": "Mozilla/5.0 (X11; Linux x86_64) AppleWebKit/537.36 (KHTML, like Gecko) Chrome/143.0.0.0 Safari/537.36", "ip_address": "127.0.0.1", "username": "admin", "http_accept": "text/html,application/xhtml+xml,application/xml;q=0.9,image/avif,image/webp,image/apng,*/*;q=0.8,application/signed-exchange;v=b3;q=0.7", "path_info": "/accounts/login/", "attempt_time": "2026-01-04T23:08:51.820Z", "logout_time": "2026-01-04T23:34:29.935Z", "session_hash": "e7b9a1b4e3061ed5b9b6b83983e78d91f8a5cd122748bc1b33b891a1c8f21595"}}, {"model": "axes.accesslog", "pk": 2, "fields": {"user_agent": "Mozilla/5.0 (X11; Linux x86_64) AppleWebKit/537.36 (KHTML, like Gecko) Chrome/143.0.0.0 Safari/537.36", "ip_address": "127.0.0.1", "username": "admin", "http_accept": "text/html,application/xhtml+xml,application/xml;q=0.9,image/avif,image/webp,image/apng,*/*;q=0.8,application/signed-exchange;v=b3;q=0.7", "path_info": "/accounts/login/", "attempt_time": "2026-01-04T23:35:30.680Z", "logout_time": null, "session_hash": "93d636442678ec065415f7aa6c77be328717096f9d775cd9d00e29aff95981cd"}}, {"model": "axes.accesslog", "pk": 3, "fields": {"user_agent": "Mozilla/5.0 (X11; Linux x86_64) AppleWebKit/537.36 (KHTML, like Gecko) Chrome/143.0.0.0 Safari/537.36", "ip_address": "127.0.0.1", "username": "admin", "http_accept": "text/html,application/xhtml+xml,application/xml;q=0.9,image/avif,image/webp,image/apng,*/*;q=0.8,application/signed-exchange;v=b3;q=0.7", "path_info": "/accounts/login/", "attempt_time": "2026-01-05T00:35:42.802Z", "logout_time": null, "session_hash": "6adef509ed882c7f2fc9a7eaa73a9167de31d70f0cd8fc2140d622d8b944f032"}}, {"model": "axes.accesslog", "pk": 4, "fields": {"user_agent": "Mozilla/5.0 (X11; Linux x86_64) AppleWebKit/537.36 (KHTML, like Gecko) Chrome/143.0.0.0 Safari/537.36", "ip_address": "127.0.0.1", "username": "zaid", "http_accept": "text/html,application/xhtml+xml,application/xml;q=0.9,image/avif,image/webp,image/apng,*/*;q=0.8,application/signed-exchange;v=b3;q=0.7", "path_info": "/accounts/login/", "attempt_time": "2026-01-05T00:51:09.973Z", "logout_time": null, "session_hash": "9e795807a79df7938ec4e94b79df75f71a535c2c33ba508f2729050e3b8faef5"}}, {"model": "axes.accesslog", "pk": 5, "fields": {"user_agent": "Mozilla/5.0 (X11; Linux x86_64) AppleWebKit/537.36 (KHTML, like Gecko) Chrome/143.0.0.0 Safari/537.36", "ip_address": "127.0.0.1", "username": "admin2", "http_accept": "text/html,application/xhtml+xml,application/xml;q=0.9,image/avif,image/webp,image/apng,*/*;q=0.8,application/signed-exchange;v=b3;q=0.7", "path_info": "/accounts/login/", "attempt_time": "2026-01-05T07:53:01.873Z", "logout_time": null, "session_hash": "b7bd9cfe9efe73a3acd6b25e20a1e83347118b34fa2395daddda05c19305fb57"}}, {"model": "axes.accesslog", "pk": 6, "fields": {"user_agent": "Mozilla/5.0 (X11; Linux x86_64) AppleWebKit/537.36 (KHTML, like Gecko) Chrome/143.0.0.0 Safari/537.36", "ip_address": "127.0.0.1", "username": "zaid", "http_accept": "text/html,application/xhtml+xml,application/xml;q=0.9,image/avif,image/webp,image/apng,*/*;q=0.8,application/signed-exchange;v=b3;q=0.7", "path_info": "/accounts/login/", "attempt_time": "2026-01-05T12:48:28.325Z", "logout_time": null, "session_hash": "bae1657a72e5336e5fa6ae4e09f86ed8111499f3a937e844a30ba2aa79a4da69"}}, {"model": "axes.accesslog", "pk": 7, "fields": {"user_agent": "Mozilla/5.0 (X11; Linux x86_64) AppleWebKit/537.36 (KHTML, like Gecko) Chrome/143.0.0.0 Safari/537.36", "ip_address": "127.0.0.1", "username": "zaid", "http_accept": "text/html,application/xhtml+xml,application/xml;q=0.9,image/avif,image/webp,image/apng,*/*;q=0.8,application/signed-exchange;v=b3;q=0.7", "path_info": "/accounts/login/", "attempt_time": "2026-01-05T14:16:12.161Z", "logout_time": null, "session_hash": "1ff63faac288de08fb671cdedbbf1d292424874ac75f00ef0a7cc7da70c872ef"}}, {"model": "axes.accesslog", "pk": 8, "fields": {"user_agent": "Mozilla/5.0 (X11; Linux x86_64) AppleWebKit/537.36 (KHTML, like Gecko) Chrome/143.0.0.0 Safari/537.36", "ip_address": "127.0.0.1", "username": "zaid", "http_accept": "text/html,application/xhtml+xml,application/xml;q=0.9,image/avif,image/webp,image/apng,*/*;q=0.8,application/signed-exchange;v=b3;q=0.7", "path_info": "/accounts/login/", "attempt_time": "2026-01-05T16:53:13.082Z", "logout_time": null, "session_hash": "c3c135c69eec228ea06a63872dd6717abbab9789b501daa9a6eadd6b73bb8998"}}, {"model": "axes.accesslog", "pk": 9, "fields": {"user_agent": "Mozilla/5.0 (X11; Linux x86_64) AppleWebKit/537.36 (KHTML, like Gecko) Chrome/143.0.0.0 Safari/537.36", "ip_address": "127.0.0.1", "username": "zaid", "http_accept": "text/html,application/xhtml+xml,application/xml;q=0.9,image/avif,image/webp,image/apng,*/*;q=0.8,application/signed-exchange;v=b3;q=0.7", "path_info": "/accounts/login/", "attempt_time": "2026-01-05T18:33:26.249Z", "logout_time": null, "session_hash": "f7d5303d99d30b76bbd7f01c64b121d468f051796ae0c29e23d2993bbb7029d7"}}, {"model": "store.category", "pk": 1, "fields": {"name": "Electronics", "slug": "electronics"}}, {"model": "store.category", "pk": 2, "fields": {"name": "Groceries", "slug": "groceries"}}, {"model": "store.category", "pk": 3, "fields": {"name": "Clothing", "slug": "clothing"}}, {"model": "store.category", "pk": 4, "fields": {"name": "Furniture", "slug": "furniture"}}, {"model": "store.category", "pk": 5, "fields": {"name": "Beauty", "slug": "beauty"}}, {"model": "store.item", "pk": 1, "fields": {"slug": "laptop", "name": "Laptop", "description": "High performance laptop", "category": 1, "quantity": 30, "price": 3500.0, "expiring_date": null, "vendor": 3}}, {"model": "store.item", "pk": 2, "fields": {"slug": "smartphone", "name": "Smartphone", "description": "Latest smartphone", "category": 1, "quantity": 75, "price": 1500.0, "expiring_date": null, "vendor": 3}}, {"model": "store.item", "pk": 3, "fields": {"slug": "bread", "name": "Bread", "description": "Freshly baked bread", "category": 2, "quantity": 150, "price": 2.5, "expiring_date": null, "vendor": 4}}, {"model": "store.item", "pk": 4, "fields": {"slug": "milk", "name": "Milk", "description": "Organic milk", "category": 2, "quantity": 120, "price": 1.5, "expiring_date": null, "vendor": 4}}, {"model": "store.item", "pk": 5, "fields": {"slug": "t-shirt", "name": "T-Shirt", "description": "Cotton t-shirt", "category": 3, "quantity": 300, "price": 15.0, "expiring_date": null, "vendor": 5}}, {"model": "accounts.profile", "pk": 1, "fields": {"user": 1, "slug": "-2", "profile_picture": "profile_pics/default.jpg", "telephone": null, "email": null, "first_name": "", "last_name": "", "status": "INA", "role": null}}, {"model": "accounts.profile", "pk": 2, "fields": {"user": 2, "slug": "-3", "profile_picture": "profile_pics/default.jpg", "telephone": null, "email": null, "first_name": "", "last_name": "", "status": "INA", "role": null}}, {"model": "accounts.profile", "pk": 3, "fields": {"user": 3, "slug": "-4", "profile_picture": "profile_pics/default.jpg", "telephone": null, "email": null, "first_name": "", "last_name": "", "status": "INA", "role": null}}, {"model": "accounts.vendor", "pk": 1, "fields": {"name": "zaid almelahi", "slug": "zaid-almelahi", "phone_number": 774528769, "address": "sanaa"}}, {"model": "accounts.vendor", "pk": 2, "fields": {"name": "Raghad", "slug": "raghad", "phone_number": 774528769, "address": "sanaa"}}, {"model": "accounts.vendor", "pk": 3, "fields": {"name": "TechSupplies Inc", "slug": "techsupplies-inc", "phone_number": 123456789, "address": "123 Tech Ave"}}, {"model": "accounts.vendor", "pk": 4, "fields": {"name": "FreshFood Co", "slug": "freshfood-co", "phone_number": 987654321, "address": "456 Farm Road"}}, {"model": "accounts.vendor", "pk": 5, "fields": {"name": "StyleHub", "slug": "stylehub", "phone_number": 456789123, "address": "789 Fashion St"}}, {"model": "accounts.customer", "pk": 1, "fields": {"first_name": "zaid", "last_name": "almelahi", "address": "sanaa", "email": "zalmelahi11@gmail.com", "phone": "0774528769", "loyalty_points": 10}}, {"model": "accounts.customer", "pk": 2, "fields": {"first_name": "Ahmee", "last_name": "ali", "address": "sanaa", "email": "ahmed@gmail.com", "phone": "0774528769", "loyalty_points": 6}}, {"model": "accounts.customer", "pk": 3, "fields": {"first_name": "John", "last_name": "Doe", "address": null, "email": "john@example.com", "phone": "0112233445", "loyalty_points": 0}}, {"model": "accounts.customer", "pk": 4, "fields": {"first_name": "Jane", "last_name": "Smith", "address": null, "email": "jane@example.com", "phone": "0556677889", "loyalty_points": 0}}, {"model": "accounts.customer", "pk": 5, "fields": {"first_name": "Ahmed", "last_name": "Ali", "address": null, "email": "ahmed@example.com", "phone": "0998877665", "loyalty_points": 0}}, {"model": "transactions.sale", "pk": 1, "fields": {"date_added": "2026-01-05T01:52:29.581Z", "customer": 3, "sub_total": "14000.00", "grand_total": "16100.00", "tax_amount": "2100.00", "tax_percentage": 15.0, "amount_paid": "16100.00", "amount_change": "0.00"}}, {"model": "transactions.sale", "pk": 2, "fields": {"date_added": "2026-01-05T01:52:29.601Z", "customer": 3, "sub_total": "3000.00", "grand_total": "3450.00", "tax_amount": "450.00", "tax_percentage": 15.0, "amount_paid": "3450.00", "amount_change": "0.00"}}, {"model": "transactions.sale", "pk": 3, "fields": {"date_added": "2026-01-05T01:52:29.620Z", "customer": 4, "sub_total": "3000.00", "grand_total": "3450.00", "tax_amount": "450.00", "tax_percentage": 15.0, "amount_paid": "3450.00", "amount_change": "0.00"}}, {"model": "transactions.sale", "pk": 4, "fields": {"date_added": "2026-01-05T01:52:29.643Z", "customer": 4, "sub_total": "6.00", "grand_total": "6.90", "tax_amount": "0.90", "tax_percentage": 15.0, "amount_paid": "6.90", "amount_change": "0.00"}}, {"model": "transactions.sale", "pk": 5, "fields": {"date_added": "2026-01-05T01:52:29.666Z", "customer": 3, "sub_total": "1.50", "grand_total": "1.72", "tax_amount": "0.22", "tax_percentage": 15.0, "amount_paid": "1.72", "amount_change": "0.00"}}, {"model": "transactions.sale", "pk": 6, "fields": {"date_added": "2026-01-05T01:52:29.686Z", "customer": 5, "sub_total": "7507.50", "grand_total": "8633.62", "tax_amount": "1126.12", "tax_percentage": 15.0, "amount_paid": "8633.62", "amount_change": "0.00"}}, {"model": "transactions.sale", "pk": 7, "fields": {"date_added": "2026-01-05T01:52:29.713Z", "customer": 4, "sub_total": "9000.00", "grand_total": "10350.00", "tax_amount": "1350.00", "tax_percentage": 15.0, "amount_paid": "10350.00", "amount_change": "0.00"}}, {"model": "transactions.sale", "pk": 8, "fields": {"date_added": "2026-01-05T01:52:29.746Z", "customer": 5, "sub_total": "65.00", "grand_total": "74.75", "tax_amount": "9.75", "tax_percentage": 15.0, "amount_paid": "74.75", "amount_change": "0.00"}}, {"model": "transactions.sale", "pk": 9, "fields": {"date_added": "2026-01-05T01:52:29.774Z", "customer": 3, "sub_total": "77.50", "grand_total": "89.12", "tax_amount": "11.62", "tax_percentage": 15.0, "amount_paid": "89.12", "amount_change": "0.00"}}, {"model": "transactions.sale", "pk": 10, "fields": {"date_added": "2026-01-05T01:52:29.803Z", "customer": 5, "sub_total": "1517.00", "grand_total": "1744.55", "tax_amount": "227.55", "tax_percentage": 15.0, "amount_paid": "1744.55", "amount_change": "0.00"}}, {"model": "transactions.saledetail", "pk": 1, "fields": {"sale": 1, "item": 1, "price": "3500.00", "quantity": 4, "total_detail": "14000.00"}}, {"model": "transactions.saledetail", "pk": 2, "fields": {"sale": 2, "item": 2, "price": "1500.00", "quantity": 2, "total_detail": "3000.00"}}, {"model": "transactions.saledetail", "pk": 3, "fields": {"sale": 3, "item": 2, "price": "1500.00", "quantity": 2, "total_detail": "3000.00"}}, {"model": "transactions.saledetail", "pk": 4, "fields": {"sale": 4, "item": 4, "price": "1.50", "quantity": 4, "total_detail": "6.00"}}, {"model": "transactions.saledetail", "pk": 5, "fields": {"sale": 5, "item": 4, "price": "1.50", "quantity": 1, "total_detail": "1.50"}}, {"model": "transactions.saledetail", "pk": 6, "fields": {"sale": 6, "item": 4, "price": "1.50", "quantity": 5, "total_detail": "7.50"}}, {"model": "transactions.saledetail", "pk": 7, "fields": {"sale": 6, "item": 2, "price": "1500.00", "quantity": 5, "total_detail": "7500.00"}}, {"model": "transactions.saledetail", "pk": 8, "fields": {"sale": 7, "item": 2, "price": "1500.00", "quantity": 1, "total_detail": "1500.00"}}, {"model": "transactions.saledetail", "pk": 9, "fields": {"sale": 7, "item": 2, "price": "1500.00", "quantity": 5, "total_detail": "7500.00"}}, {"model": "transactions.saledetail", "pk": 10, "fields": {"sale": 8, "item": 5, "price": "15.00", "quantity": 4, "total_detail": "60.00"}}, {"model": "transactions.saledetail", "pk": 11, "fields": {"sale": 8, "item": 3, "price": "2.50", "quantity": 2, "total_detail": "5.00"}}, {"model": "transactions.saledetail", "pk": 12, "fields": {"sale": 9, "item": 5, "price": "15.00", "quantity": 5, "total_detail": "75.00"}}, {"model": "transactions.saledetail", "pk": 13, "fields": {"sale": 9, "item": 3, "price": "2.50", "quantity": 1, "total_detail": "2.50"}}, {"model": "transactions.saledetail", "pk": 14, "fields": {"sale": 10, "item": 2, "price": "1500.00", "quantity": 1, "total_detail": "1500.00"}}, {"model": "transactions.saledetail", "pk": 15, "fields": {"sale": 10, "item": 3, "price": "2.50", "quantity": 5, "total_detail": "12.50"}}, {"model": "transactions.saledetail", "pk": 16, "fields": {"sale": 10, "item": 4, "price": "1.50", "quantity": 3, "total_detail": "4.50"}}, {"model": "transactions.purchase", "pk": 1, "fields": {"slug": "techsupplies-inc", "item": 1, "description": "Initial purchase of Laptop", "vendor": 3, "order_date": "2026-01-05T01:52:29.459Z", "delivery_date": null, "quantity": 10, "delivery_status": "S", "price": "2450.00", "total_value": "24500.00"}}, {"model": "transactions.purchase", "pk": 2, "fields": {"slug": "techsupplies-inc-2", "item": 2, "description": "Initial purchase of Smartphone", "vendor": 3, "order_date": "2026-01-05T01:52:29.493Z", "delivery_date": null, "quantity": 25, "delivery_status": "S", "price": "1050.00", "total_value": "26250.00"}}, {"model": "transactions.purchase", "pk": 3, "fields": {"slug": "freshfood-co", "item": 3, "description": "Initial purchase of Bread", "vendor": 4, "order_date": "2026-01-05T01:52:29.523Z", "delivery_date": null, "quantity": 50, "delivery_status": "S", "price": "1.75", "total_value": "87.50"}}, {"model": "transactions.purchase", "pk": 4, "fields": {"slug": "freshfood-co-2", "item": 4, "description": "Initial purchase of Milk", "vendor": 4, "order_date": "2026-01-05T01:52:29.543Z", "delivery_date": null, "quantity": 40, "delivery_status": "S", "price": "1.05", "total_value": "42.00"}}, {"model": "transactions.purchase", "pk": 5, "fields": {"slug": "stylehub", "item": 5, "description": "Initial purchase of T-Shirt", "vendor": 5, "order_date": "2026-01-05T01:52:29.562Z", "delivery_date": null, "quantity": 100, "delivery_status": "S", "price": "10.50", "total_value": "1050.00"}}, {"model": "invoice.invoice", "pk": 1, "fields": {"slug": "-2", "date": "2026-01-05T01:52:29.844Z", "customer_name": "Fatuma", "contact_number": "254712345678", "item": 1, "price_per_item": 3500.0, "quantity": 3.0, "shipping": 50.0, "total": 10500.0, "grand_total": 10550.0}}, {"model": "invoice.invoice", "pk": 2, "fields": {"slug": "-3", "date": "2026-01-05T01:52:29.857Z", "customer_name": "Musa", "contact_number": "254712345678", "item": 3, "price_per_item": 2.5, "quantity": 3.0, "shipping": 50.0, "total": 7.5, "grand_total": 57.5}}, {"model": "invoice.invoice", "pk": 3, "fields": {"slug": "-4", "date": "2026-01-05T01:52:29.872Z", "customer_name": "Musa", "contact_number": "254712345678", "item": 4, "price_per_item": 1.5, "quantity": 1.0, "shipping": 50.0, "total": 1.5, "grand_total": 51.5}}, {"model": "invoice.invoice", "pk": 4, "fields": {"slug": "-5", "date": "2026-01-05T01:52:29.883Z", "customer_name": "Fatuma", "contact_number": "254712345678", "item": 3, "price_per_item": 2.5, "quantity": 1.0, "shipping": 50.0, "total": 2.5, "grand_total": 52.5}}, {"model": "invoice.invoice", "pk": 5, "fields": {"slug": "-6", "date": "2026-01-05T01:52:29.902Z", "customer_name": "Musa", "contact_number": "254712345678", "item": 1, "price_per_item": 3500.0, "quantity": 3.0, "shipping": 50.0, "total": 10500.0, "grand_total": 10550.0}}, {"model": "bills.bill", "pk": 1, "fields": {"slug": "bill", "date": "2026-01-05T01:52:29.910Z", "institution_name": "KPL", "phone_number": null, "email": null, "address": null, "description": "Electricity Bill", "payment_details": "Mpesa Paybill 888888", "amount": 1500.0, "status": true}}, {"model": "bills.bill", "pk": 2, "fields": {"slug": "bill-2", "date": "2026-01-05T01:52:29.918Z", "institution_name": "Water Co", "phone_number": null, "email": null, "address": null, "description": "Water Bill", "payment_details": "Mpesa Paybill 999999", "amount": 450.0, "status": false}}, {"model": "integration.applicationconfiguration", "pk": 1, "fields": {"name": "wpp", "botpress_url": "http://localhost:3006/", "botpress_username": "admin", "botpress_password": "PdSDX-wMk9lmUx3zgGlYb4AAAAAAaVsHi_TaMnDgSeAaxRp8fjBXnlJ2fiVwBte3F_3QrvsXoX_APOOU4B6PEWeKYgRgpimobRIqr79O8bY-Qntn9aEe0Xs=", "token_expires_at": null, "botpress_token": null, "system_url": null, "system_auth_info": "pRQT7hEMjP4PLqK1RRbYjYAAAAAAaVsHjN9uHUkDS1Bg35fF48pVZrhszQxQ6ee1Bxtls7VrF5rjJ2l2CpqQlnBfnLIx4hAVyU2tEYIv3LMAoTMx3egpvrM=", "url": "http://localhost:21465/api/", "token": "$2b$10$9p_5sew3CxV9ZO2QyR6i6eKQJMp4V9jr7lz6bDco9vx1k6.5q8iUm", "use_voice_message": false, "url_voice": null, "use_accounting_agent": true, "flow_ai": false, "flow_id": null, "flow_token": null, "created_at": "2026-01-05T00:36:28.050Z", "updated_at": "2026-01-05T17:29:20.880Z"}}, {"model": "integration.application", "pk": 1, "fields": {"enabled": true, "name": "wppconnect", "bot_id": "fintech", "user_id": null, "webhook_key": "service_bot", "whatsapp_provider_type": "wppconnect", "session": "zaid", "phone": null, "auto_replay_group": false, "apply_authorized_contact": true, "app_id": "montab", "configuration": 1}}, {"model": "integration.conversation", "pk": 1, "fields": {"application": 1, "session_id": "967774528769@c.us", "user_identifier": "967774528769@c.us", "started_at": "2026-01-05T17:31:16.486Z", "updated_at": "2026-01-05T17:34:51.920Z"}}, {"model": "integration.message", "pk": 1, "fields": {"conversation": 1, "direction": "incoming", "content": "السلام عليكم", "metadata": {"event": "onmessage", "session": "zaid", "id": "false_967774528769@c.us_3EB077C96E2C0ADCC700A9", "viewed": false, "body": "السلام عليكم", "type": "chat", "t": 1767634249, "clientReceivedTsMillis": 1767634247283, "notifyName": "Zaid", "from": "967774528769@c.us", "to": "967782004745@c.us", "ack": 1, "invis": false, "isNewMsg": true, "star": false, "kicNotified": false, "recvFresh": true, "isFromTemplate": false, "thumbnail": "", "faviconMMSMetadata": null, "isAdsMedia": false, "pollInvalidated": false, "isSentCagPollCreation": false, "latestEditMsgKey": null, "latestEditSenderTimestampMs": null, "mentionedJidList": [], "groupMentions": [], "isEventCanceled": false, "eventInvalidated": false, "isVcardOverMmsDocument": false, "questionReplyQuotedMessage": null, "questionResponsesCount": 0, "readQuestionResponsesCount": 0, "forwardsCount": 0, "hasReaction": false, "ephemeralSettingTimestamp": 1767212081, "disappearingModeInitiator": "chat", "disappearingModeTrigger": "chat_settings", "disappearingModeInitiatedByMe": true, "viewMode": "VISIBLE", "messageSecret": {"0": 7, "1": 209, "2": 237, "3": 68, "4": 48, "5": 30, "6": 181, "7": 250, "8": 194, "9": 179, "10": 91, "11": 225, "12": 145, "13": 33, "14": 95, "15": 16, "16": 236, "17": 130, "18": 93, "19": 7, "20": 37, "21": 249, "22": 169, "23": 206, "24": 240, "25": 240, "26": 147, "27": 165, "28": 21, "29": 76, "30": 195, "31": 232}, "inviteGrpType": "DEFAULT", "productHeaderImageRejected": false, "lastPlaybackProgress": 0, "isDynamicReplyButtonsMsg": false, "isCarouselCard": false, "parentMsgId": null, "callSilenceReason": null, "isVideoCall": false, "callDuration": null, "callCreator": null, "callParticipants": null, "isCallLink": null, "callLinkToken": null, "isMdHistoryMsg": false, "stickerSentTs": 0, "isAvatar": false, "lastUpdateFromServerTs": 0, "invokedBotWid": null, "bizBotType": null, "botResponseTargetId": null, "botPluginType": null, "botPluginReferenceIndex": null, "botPluginSearchProvider": null, "botPluginSearchUrl": null, "botPluginSearchQuery": null, "botPluginMaybeParent": false, "botReelPluginThumbnailCdnUrl": null, "botMessageDisclaimerText": null, "botMsgBodyType": null, "reportingTokenInfo": {"reportingToken": {"0": 126, "1": 207, "2": 134, "3": 93, "4": 74, "5": 255, "6": 106, "7": 187, "8": 155, "9": 154, "10": 88, "11": 45, "12": 164, "13": 42, "14": 172, "15": 57}, "version": 2, "reportingTag": {"0": 1, "1": 14, "2": 14, "3": 240, "4": 55, "5": 133, "6": 44, "7": 90, "8": 43, "9": 60, "10": 78, "11": 21, "12": 107, "13": 31, "14": 10, "15": 113, "16": 172, "17": 162, "18": 3, "19": 49}}, "requiresDirectConnection": null, "bizContentPlaceholderType": null, "hostedBizEncStateMismatch": false, "senderOrRecipientAccountTypeHosted": false, "placeholderCreatedWhenAccountIsHosted": false, "groupHistoryBundleMessageKey": null, "groupHistoryBundleMetadata": null, "groupHistoryIndividualMessageInfo": null, "chatId": "967774528769@c.us", "fromMe": false, "sender": {"id": "967774528769@c.us", "name": "Zaid", "shortName": "Zaid", "pushname": "Zaid", "type": "in", "isBusiness": false, "isEnterprise": false, "isSmb": false, "isContactSyncCompleted": 0, "textStatusLastUpdateTime": -1, "isUsernameContact": false, "syncToAddressbook": false, "formattedName": "Zaid", "isMe": false, "isMyContact": true, "isWAContact": true, "profilePicThumbObj": {"eurl": "https://pps.whatsapp.net/v/t61.24694-24/377427976_633234209011873_5825999375405941631_n.jpg?ccb=11-4&oh=01_Q5Aa3QHnyBDVFNisj7SDrK37Ym7SIYpSBASwCcPmg8Owr7QA0w&oe=6968F453&_nc_sid=5e03e0&_nc_cat=109", "id": "967774528769@c.us", "img": "https://media-cdg4-2.cdn.whatsapp.net/v/t61.24694-24/377427976_633234209011873_5825999375405941631_n.jpg?stp=dst-jpg_s96x96_tt6&ccb=11-4&oh=01_Q5Aa3QGme42MobqEV35r1G2AIPdMS6qgD-GZquhPXc2cWB3PmA&oe=6968F453&_nc_sid=5e03e0&_nc_cat=109", "imgFull": "https://media-cdg4-2.cdn.whatsapp.net/v/t61.24694-24/377427976_633234209011873_5825999375405941631_n.jpg?ccb=11-4&oh=01_Q5Aa3QHnyBDVFNisj7SDrK37Ym7SIYpSBASwCcPmg8Owr7QA0w&oe=6968F453&_nc_sid=5e03e0&_nc_cat=109", "tag": "1166700979"}, "msgs": null}, "timestamp": 1767634249, "content": "السلام عليكم", "isGroupMsg": false, "mediaData": {}}, "created_at": "2026-01-05T17:31:16.511Z"}}, {"model": "integration.message", "pk": 2, "fields": {"conversation": 1, "direction": "incoming", "content": "كم المديونيه", "metadata": {"event": "onmessage", "session": "zaid", "id": "false_967774528769@c.us_3EB07F3642D84F4C949A38", "viewed": false, "body": "كم المديونيه", "type": "chat", "t": 1767634458, "clientReceivedTsMillis": 1767634456703, "notifyName": "Zaid", "from": "967774528769@c.us", "to": "967782004745@c.us", "ack": 1, "invis": false, "isNewMsg": true, "star": false, "kicNotified": false, "recvFresh": true, "isFromTemplate": false, "thumbnail": "", "faviconMMSMetadata": null, "isAdsMedia": false, "pollInvalidated": false, "isSentCagPollCreation": false, "latestEditMsgKey": null, "latestEditSenderTimestampMs": null, "mentionedJidList": [], "groupMentions": [], "isEventCanceled": false, "eventInvalidated": false, "isVcardOverMmsDocument": false, "questionReplyQuotedMessage": null, "questionResponsesCount": 0, "readQuestionResponsesCount": 0, "forwardsCount": 0, "hasReaction": false, "ephemeralSettingTimestamp": 1767212081, "disappearingModeInitiator": "chat", "disappearingModeTrigger": "chat_settings", "disappearingModeInitiatedByMe": true, "viewMode": "VISIBLE", "messageSecret": {"0": 32, "1": 173, "2": 189, "3": 195, "4": 26, "5": 225, "6": 170, "7": 15, "8": 131, "9": 166, "10": 121, "11": 194, "12": 70, "13": 193, "14": 243, "15": 135, "16": 203, "17": 207, "18": 88, "19": 28, "20": 109, "21": 103, "22": 66, "23": 202, "24": 19, "25": 138, "26": 224, "27": 3, "28": 187, "29": 119, "30": 13, "31": 103}, "inviteGrpType": "DEFAULT", "productHeaderImageRejected": false, "lastPlaybackProgress": 0, "isDynamicReplyButtonsMsg": false, "isCarouselCard": false, "parentMsgId": null, "callSilenceReason": null, "isVideoCall": false, "callDuration": null, "callCreator": null, "callParticipants": null, "isCallLink": null, "callLinkToken": null, "isMdHistoryMsg": false, "stickerSentTs": 0, "isAvatar": false, "lastUpdateFromServerTs": 0, "invokedBotWid": null, "bizBotType": null, "botResponseTargetId": null, "botPluginType": null, "botPluginReferenceIndex": null, "botPluginSearchProvider": null, "botPluginSearchUrl": null, "botPluginSearchQuery": null, "botPluginMaybeParent": false, "botReelPluginThumbnailCdnUrl": null, "botMessageDisclaimerText": null, "botMsgBodyType": null, "reportingTokenInfo": {"reportingToken": {"0": 105, "1": 163, "2": 208, "3": 140, "4": 30, "5": 152, "6": 96, "7": 82, "8": 87, "9": 169, "10": 249, "11": 82, "12": 47, "13": 247, "14": 177, "15": 12}, "version": 2, "reportingTag": {"0": 1, "1": 14, "2": 18, "3": 110, "4": 202, "5": 125, "6": 210, "7": 36, "8": 245, "9": 17, "10": 216, "11": 155, "12": 166, "13": 211, "14": 92, "15": 242, "16": 116, "17": 237, "18": 9, "19": 53}}, "requiresDirectConnection": null, "bizContentPlaceholderType": null, "hostedBizEncStateMismatch": false, "senderOrRecipientAccountTypeHosted": false, "placeholderCreatedWhenAccountIsHosted": false, "groupHistoryBundleMessageKey": null, "groupHistoryBundleMetadata": null, "groupHistoryIndividualMessageInfo": null, "chatId": "967774528769@c.us", "fromMe": false, "sender": {"id": "967774528769@c.us", "name": "Zaid", "shortName": "Zaid", "pushname": "Zaid", "type": "in", "isBusiness": false, "isEnterprise": false, "isSmb": false, "isContactSyncCompleted": 0, "disappearingModeDuration": 0, "disappearingModeSettingTimestamp": 1764609259, "textStatusLastUpdateTime": -1, "isUsernameContact": false, "syncToAddressbook": false, "formattedName": "Zaid", "isMe": false, "isMyContact": true, "isWAContact": true, "profilePicThumbObj": {"eurl": "https://pps.whatsapp.net/v/t61.24694-24/377427976_633234209011873_5825999375405941631_n.jpg?ccb=11-4&oh=01_Q5Aa3QHnyBDVFNisj7SDrK37Ym7SIYpSBASwCcPmg8Owr7QA0w&oe=6968F453&_nc_sid=5e03e0&_nc_cat=109", "id": "967774528769@c.us", "img": "https://media-cdg4-2.cdn.whatsapp.net/v/t61.24694-24/377427976_633234209011873_5825999375405941631_n.jpg?stp=dst-jpg_s96x96_tt6&ccb=11-4&oh=01_Q5Aa3QGme42MobqEV35r1G2AIPdMS6qgD-GZquhPXc2cWB3PmA&oe=6968F453&_nc_sid=5e03e0&_nc_cat=109", "imgFull": "https://media-cdg4-2.cdn.whatsapp.net/v/t61.24694-24/377427976_633234209011873_5825999375405941631_n.jpg?ccb=11-4&oh=01_Q5Aa3QHnyBDVFNisj7SDrK37Ym7SIYpSBASwCcPmg8Owr7QA0w&oe=6968F453&_nc_sid=5e03e0&_nc_cat=109", "tag": "1166700979"}, "msgs": null}, "timestamp": 1767634458, "content": "كم المديونيه", "isGroupMsg": false, "mediaData": {}}, "created_at": "2026-01-05T17:34:18.806Z"}}, {"model": "integration.message", "pk": 3, "fields": {"conversation": 1, "direction": "incoming", "content": "لمن من هو المورد", "metadata": {"event": "onmessage", "session": "zaid", "id": "false_967774528769@c.us_3EB028DF67C1072FBFD0D9", "viewed": false, "body": "لمن من هو المورد", "type": "chat", "t": 1767634479, "clientReceivedTsMillis": 1767634478090, "notifyName": "Zaid", "from": "967774528769@c.us", "to": "967782004745@c.us", "ack": 1, "invis": false, "isNewMsg": true, "star": false, "kicNotified": false, "recvFresh": true, "isFromTemplate": false, "thumbnail": "", "faviconMMSMetadata": null, "isAdsMedia": false, "pollInvalidated": false, "isSentCagPollCreation": false, "latestEditMsgKey": null, "latestEditSenderTimestampMs": null, "mentionedJidList": [], "groupMentions": [], "isEventCanceled": false, "eventInvalidated": false, "isVcardOverMmsDocument": false, "questionReplyQuotedMessage": null, "questionResponsesCount": 0, "readQuestionResponsesCount": 0, "forwardsCount": 0, "hasReaction": false, "ephemeralSettingTimestamp": 1767212081, "disappearingModeInitiator": "chat", "disappearingModeTrigger": "chat_settings", "disappearingModeInitiatedByMe": true, "viewMode": "VISIBLE", "messageSecret": {"0": 249, "1": 204, "2": 180, "3": 42, "4": 121, "5": 172, "6": 38, "7": 21, "8": 199, "9": 171, "10": 239, "11": 139, "12": 76, "13": 72, "14": 165, "15": 0, "16": 120, "17": 245, "18": 116, "19": 91, "20": 159, "21": 106, "22": 73, "23": 92, "24": 155, "25": 180, "26": 103, "27": 102, "28": 40, "29": 194, "30": 207, "31": 212}, "inviteGrpType": "DEFAULT", "productHeaderImageRejected": false, "lastPlaybackProgress": 0, "isDynamicReplyButtonsMsg": false, "isCarouselCard": false, "parentMsgId": null, "callSilenceReason": null, "isVideoCall": false, "callDuration": null, "callCreator": null, "callParticipants": null, "isCallLink": null, "callLinkToken": null, "isMdHistoryMsg": false, "stickerSentTs": 0, "isAvatar": false, "lastUpdateFromServerTs": 0, "invokedBotWid": null, "bizBotType": null, "botResponseTargetId": null, "botPluginType": null, "botPluginReferenceIndex": null, "botPluginSearchProvider": null, "botPluginSearchUrl": null, "botPluginSearchQuery": null, "botPluginMaybeParent": false, "botReelPluginThumbnailCdnUrl": null, "botMessageDisclaimerText": null, "botMsgBodyType": null, "reportingTokenInfo": {"reportingToken": {"0": 131, "1": 164, "2": 17, "3": 11, "4": 193, "5": 46, "6": 242, "7": 61, "8": 88, "9": 187, "10": 64, "11": 164, "12": 20, "13": 200, "14": 162, "15": 50}, "version": 2, "reportingTag": {"0": 1, "1": 14, "2": 194, "3": 116, "4": 108, "5": 67, "6": 74, "7": 65, "8": 141, "9": 81, "10": 53, "11": 186, "12": 20, "13": 89, "14": 159, "15": 223, "16": 210, "17": 14, "18": 191, "19": 156}}, "requiresDirectConnection": null, "bizContentPlaceholderType": null, "hostedBizEncStateMismatch": false, "senderOrRecipientAccountTypeHosted": false, "placeholderCreatedWhenAccountIsHosted": false, "groupHistoryBundleMessageKey": null, "groupHistoryBundleMetadata": null, "groupHistoryIndividualMessageInfo": null, "chatId": "967774528769@c.us", "fromMe": false, "sender": {"id": "967774528769@c.us", "name": "Zaid", "shortName": "Zaid", "pushname": "Zaid", "type": "in", "isBusiness": false, "isEnterprise": false, "isSmb": false, "isContactSyncCompleted": 0, "disappearingModeDuration": 0, "disappearingModeSettingTimestamp": 1764609259, "textStatusLastUpdateTime": -1, "isUsernameContact": false, "syncToAddressbook": false, "formattedName": "Zaid", "isMe": false, "isMyContact": true, "isWAContact": true, "profilePicThumbObj": {"eurl": "https://pps.whatsapp.net/v/t61.24694-24/377427976_633234209011873_5825999375405941631_n.jpg?ccb=11-4&oh=01_Q5Aa3QHnyBDVFNisj7SDrK37Ym7SIYpSBASwCcPmg8Owr7QA0w&oe=6968F453&_nc_sid=5e03e0&_nc_cat=109", "id": "967774528769@c.us", "img": "https://media-cdg4-2.cdn.whatsapp.net/v/t61.24694-24/377427976_633234209011873_5825999375405941631_n.jpg?stp=dst-jpg_s96x96_tt6&ccb=11-4&oh=01_Q5Aa3QGme42MobqEV35r1G2AIPdMS6qgD-GZquhPXc2cWB3PmA&oe=6968F453&_nc_sid=5e03e0&_nc_cat=109", "imgFull": "https://media-cdg4-2.cdn.whatsapp.net/v/t61.24694-24/377427976_633234209011873_5825999375405941631_n.jpg?ccb=11-4&oh=01_Q5Aa3QHnyBDVFNisj7SDrK37Ym7SIYpSBASwCcPmg8Owr7QA0w&oe=6968F453&_nc_sid=5e03e0&_nc_cat=109", "tag": "1166700979"}, "msgs": null}, "timestamp": 1767634479, "content": "لمن من هو المورد", "isGroupMsg": false, "mediaData": {}}, "created_at": "2026-01-05T17:34:40.152Z"}}, {"model": "integration.message", "pk": 4, "fields": {"conversation": 1, "direction": "incoming", "content": "الذي عندي له فلوس", "metadata": {"event": "onmessage", "session": "zaid", "id": "false_967774528769@c.us_3EB08F81752BA7BB94C04F", "viewed": false, "body": "الذي عندي له فلوس", "type": "chat", "t": 1767634491, "clientReceivedTsMillis": 1767634489776, "notifyName": "Zaid", "from": "967774528769@c.us", "to": "967782004745@c.us", "ack": 1, "invis": false, "isNewMsg": true, "star": false, "kicNotified": false, "recvFresh": true, "isFromTemplate": false, "thumbnail": "", "faviconMMSMetadata": null, "isAdsMedia": false, "pollInvalidated": false, "isSentCagPollCreation": false, "latestEditMsgKey": null, "latestEditSenderTimestampMs": null, "mentionedJidList": [], "groupMentions": [], "isEventCanceled": false, "eventInvalidated": false, "isVcardOverMmsDocument": false, "questionReplyQuotedMessage": null, "questionResponsesCount": 0, "readQuestionResponsesCount": 0, "forwardsCount": 0, "hasReaction": false, "ephemeralSettingTimestamp": 1767212081, "disappearingModeInitiator": "chat", "disappearingModeTrigger": "chat_settings", "disappearingModeInitiatedByMe": true, "viewMode": "VISIBLE", "messageSecret": {"0": 242, "1": 175, "2": 99, "3": 6, "4": 247, "5": 159, "6": 75, "7": 22, "8": 109, "9": 212, "10": 137, "11": 5, "12": 31, "13": 129, "14": 134, "15": 109, "16": 98, "17": 56, "18": 130, "19": 214, "20": 27, "21": 204, "22": 140, "23": 115, "24": 228, "25": 55, "26": 153, "27": 229, "28": 126, "29": 0, "30": 79, "31": 180}, "inviteGrpType": "DEFAULT", "productHeaderImageRejected": false, "lastPlaybackProgress": 0, "isDynamicReplyButtonsMsg": false, "isCarouselCard": false, "parentMsgId": null, "callSilenceReason": null, "isVideoCall": false, "callDuration": null, "callCreator": null, "callParticipants": null, "isCallLink": null, "callLinkToken": null, "isMdHistoryMsg": false, "stickerSentTs": 0, "isAvatar": false, "lastUpdateFromServerTs": 0, "invokedBotWid": null, "bizBotType": null, "botResponseTargetId": null, "botPluginType": null, "botPluginReferenceIndex": null, "botPluginSearchProvider": null, "botPluginSearchUrl": null, "botPluginSearchQuery": null, "botPluginMaybeParent": false, "botReelPluginThumbnailCdnUrl": null, "botMessageDisclaimerText": null, "botMsgBodyType": null, "reportingTokenInfo": {"reportingToken": {"0": 187, "1": 168, "2": 75, "3": 196, "4": 207, "5": 114, "6": 251, "7": 1, "8": 98, "9": 60, "10": 33, "11": 210, "12": 39, "13": 137, "14": 233, "15": 6}, "version": 2, "reportingTag": {"0": 1, "1": 14, "2": 149, "3": 36, "4": 185, "5": 4, "6": 104, "7": 189, "8": 155, "9": 26, "10": 200, "11": 173, "12": 74, "13": 25, "14": 150, "15": 254, "16": 99, "17": 191, "18": 41, "19": 245}}, "requiresDirectConnection": null, "bizContentPlaceholderType": null, "hostedBizEncStateMismatch": false, "senderOrRecipientAccountTypeHosted": false, "placeholderCreatedWhenAccountIsHosted": false, "groupHistoryBundleMessageKey": null, "groupHistoryBundleMetadata": null, "groupHistoryIndividualMessageInfo": null, "chatId": "967774528769@c.us", "fromMe": false, "sender": {"id": "967774528769@c.us", "name": "Zaid", "shortName": "Zaid", "pushname": "Zaid", "type": "in", "isBusiness": false, "isEnterprise": false, "isSmb": false, "isContactSyncCompleted": 0, "disappearingModeDuration": 0, "disappearingModeSettingTimestamp": 1764609259, "textStatusLastUpdateTime": -1, "isUsernameContact": false, "syncToAddressbook": false, "formattedName": "Zaid", "isMe": false, "isMyContact": true, "isWAContact": true, "profilePicThumbObj": {"eurl": "https://pps.whatsapp.net/v/t61.24694-24/377427976_633234209011873_5825999375405941631_n.jpg?ccb=11-4&oh=01_Q5Aa3QHnyBDVFNisj7SDrK37Ym7SIYpSBASwCcPmg8Owr7QA0w&oe=6968F453&_nc_sid=5e03e0&_nc_cat=109", "id": "967774528769@c.us", "img": "https://media-cdg4-2.cdn.whatsapp.net/v/t61.24694-24/377427976_633234209011873_5825999375405941631_n.jpg?stp=dst-jpg_s96x96_tt6&ccb=11-4&oh=01_Q5Aa3QGme42MobqEV35r1G2AIPdMS6qgD-GZquhPXc2cWB3PmA&oe=6968F453&_nc_sid=5e03e0&_nc_cat=109", "imgFull": "https://media-cdg4-2.cdn.whatsapp.net/v/t61.24694-24/377427976_633234209011873_5825999375405941631_n.jpg?ccb=11-4&oh=01_Q5Aa3QHnyBDVFNisj7SDrK37Ym7SIYpSBASwCcPmg8Owr7QA0w&oe=6968F453&_nc_sid=5e03e0&_nc_cat=109", "tag": "1166700979"}, "msgs": null}, "timestamp": 1767634491, "content": "الذي عندي له فلوس", "isGroupMsg": false, "mediaData": {}}, "created_at": "2026-01-05T17:34:51.960Z"}}]